{
    "angle": {
        "c": 33.602781053787346,
        "m": -12.421886722582135
    },
    "color": {
        "lower": [
            0,
            251,
            215
        ],
        "upper": [
            38,
            255,
            254
        ]
    },
    "dist": {
        "a": -1.1710007714361759,
        "k": 4119.161210806116
    }
}