{
    "angle": {
        "c": 41.43359625262986,
        "m": -6.065604977933837
    },
    "center": [
        320,
        250
    ],
    "color": {
        "lower": [
            0,
            221,
            143
        ],
        "upper": [
            359,
            255,
            224
        ]
    },
    "dist": {
        "a": -0.6222011588774066,
        "k": 2302.8019561921615
    }
}