{
    "angle": {
        "c": 41.43359625262986,
        "m": -6.065604977933837
    },
    "center": [
        320,
        250
    ],
    "color": {
        "lower": [
            0.0,
            130.0,
            167.0
        ],
        "upper": [
            12.0,
            255.0,
            255.0
        ]
    },
    "dist": {
        "a": -0.677419359147149,
        "k": 208604.43873512882
    }
}