{
    "angle": {
        "c": 37.98558094957625,
        "m": -6.306553171560389
    },
    "dist": {
        "a": -1.2351020463250713,
        "k": 5890.799263333164
    },
    "color": {
        "lower": (0, 0, 0),
        "upper": (255, 255, 255)
    }
}
