{
    "angle": {
        "c": 41.43359625262986,
        "m": -6.065604977933837
    },
    "back": [
        136,
        260
    ],
    "center": [
        325,
        260
    ],
    "color": {
        "lower": [
            0.0,
            40.0,
            15.0
        ],
        "upper": [
            18.0,
            255.0,
            255.0
        ]
    },
    "dist": {
        "a": -0.5382952459001382,
        "k": 94.8194330930013
    },
    "maskRadius": 117,
    "skin": {
        "lower": [
            0,
            50,
            150
        ],
        "upper": [
            20,
            150,
            255
        ]
    }
}