{
    "angle": {
        "c": 41.43359625262986,
        "m": -6.065604977933837
    },
    "color": {
        "lower": [
            3,
            116,
            229
        ],
        "upper": [
            17,
            178,
            255
        ]
    },
    "dist": {
        "a": -1.010920929696272,
        "k": 2731.004817631022
    }
}