{
    "angle": {
        "c": 41.43359625262986,
        "m": -6.065604977933837
    },
    "color": {
        "lower": [
            0,
            250,
            153
        ],
        "upper": [
            360,
            255,
            242
        ]
    },
    "dist": {
        "a": -1.010920929696272,
        "k": 2731.004817631022
    }
}