{
    "dist": {
        "a": -1.3509793155779273,
        "k": 12198.44528102291
    }
}