{
    "angle": {
        "c": 41.43359625262986,
        "m": -6.065604977933837
    },
    "center": [
        320,
        250
    ],
    "color": {
        "lower": [
            0.0,
            120.0,
            160.0
        ],
        "upper": [
            15.0,
            255.0,
            255.0
        ]
    },
    "dist": {
        "a": -0.4283199833645529,
        "k": 68.72746738652907
    },
    "maskRadius": 150
}