{
    "dist": {
        "a": -1.2351020463250713,
        "k": 5890.799263333164
    }
}