{
    "angle": {
        "c": 41.43359625262986,
        "m": -6.065604977933837
    },
    "color": {
        "lower": [
            0.0,
            120.0,
            160.0
        ],
        "upper": [
            15.0,
            255.0,
            255.0
        ]
    },
    "dist": {
        "a": -0.410920929696272,
        "k": 2731.004817631022
    }
}