{
    "a": -1.0189644538855984,
    "k": 2883.810443238003
}